{"table": {"n": 4898431, "n_var": 40, "memory_size": 1582536673, "record_size": 323.0701163290858, "n_cells_missing": 0, "n_vars_with_missing": 0, "n_vars_all_missing": 0, "p_cells_missing": 0.0, "types": {"Text": 1, "Categorical": 11, "Numeric": 28}, "n_duplicates": 123853, "p_duplicates": 0.025284218558963064}, "alerts": ["[num_shells] has a constant value", "Dataset has 123853 (2.5%) duplicate rows", "[protocol_type] is highly imbalanced (0.7108868480275565)", "[src_bytes] is highly imbalanced (0.9998921984856108)", "[dst_bytes] is highly imbalanced (0.9977442695064402)", "[logged_in] is highly imbalanced (0.9989579387420461)", "[num_compromised] is highly imbalanced (0.9997473675249318)", "[num_root] is highly imbalanced (0.999293242791155)", "[num_access_files] is highly imbalanced (0.9999907453700851)", "[num_outbound_cmds] is highly imbalanced (0.9902555050420643)", "[dst_host_rerror_rate] is highly imbalanced (0.6711999718994691)", "[service] is highly skewed(\u03b31 = 1188.9522741198584)", "[flag] is highly skewed(\u03b31 = 1807.5672169133582)", "[land] is highly skewed(\u03b31 = 1596.3282483698322)", "[wrong_fragment] is highly skewed(\u03b31 = 50.22114694652755)", "[urgent] is highly skewed(\u03b31 = 331.2016682573448)", "[num_failed_logins] is highly skewed(\u03b31 = 1540.0042766060094)", "[root_shell] is highly skewed(\u03b31 = 1450.319429117782)", "[su_attempted] is highly skewed(\u03b31 = 201.9935819597791)", "[num_file_creations] is highly skewed(\u03b31 = 53.54627793179194)", "[service] has 1152546 (23.5%) zeros", "[flag] has 4064854 (83.0%) zeros", "[land] has 4898415 (> 99.9%) zeros", "[wrong_fragment] has 4890163 (99.8%) zeros", "[urgent] has 4898306 (> 99.9%) zeros", "[num_failed_logins] has 4895552 (99.9%) zeros", "[root_shell] has 4892729 (99.9%) zeros", "[su_attempted] has 4896079 (> 99.9%) zeros", "[num_file_creations] has 4893768 (99.9%) zeros", "[count] has 4008319 (81.8%) zeros", "[srv_count] has 4015875 (82.0%) zeros", "[serror_rate] has 4611181 (94.1%) zeros", "[srv_serror_rate] has 4607827 (94.1%) zeros", "[srv_rerror_rate] has 3780259 (77.2%) zeros", "[same_srv_rate] has 4559729 (93.1%) zeros", "[dst_host_count] has 113651 (2.3%) zeros", "[dst_host_srv_count] has 3442197 (70.3%) zeros", "[dst_host_same_srv_rate] has 1411146 (28.8%) zeros", "[dst_host_diff_srv_rate] has 4384482 (89.5%) zeros", "[dst_host_same_src_port_rate] has 3966023 (81.0%) zeros", "[dst_host_srv_diff_host_rate] has 3973284 (81.1%) zeros", "[dst_host_serror_rate] has 4571036 (93.3%) zeros", "[dst_host_srv_serror_rate] has 4575957 (93.4%) zeros"], "variables": {"duration": {"n_distinct": 70, "p_distinct": 1.4290290094930396e-05, "is_unique": false, "n_unique": 1, "p_unique": 2.0414700135614854e-07, "type": "Text", "hashable": true, "value_counts_without_nan": {"ecr_i": 2811660, "private": 1100831, "http": 623091, "smtp": 96554, "other": 72653, "domain_u": 57782, "ftp_data": 40697, "eco_i": 16338, "finger": 6891, "urp_i": 5378, "ftp": 5214, "telnet": 4277, "ntp_u": 3833, "auth": 3382, "pop_3": 1981, "time": 1579, "domain": 1113, "Z39_50": 1078, "gopher": 1077, "mtp": 1076, "ssh": 1075, "remote_job": 1073, "whois": 1073, "rje": 1070, "link": 1069, "imap4": 1069, "ctf": 1068, "name": 1067, "supdup": 1060, "echo": 1059, "discard": 1059, "nntp": 1059, "uucp_path": 1057, "systat": 1056, "sunrpc": 1056, "daytime": 1056, "netstat": 1056, "pop_2": 1055, "netbios_ssn": 1055, "netbios_ns": 1054, "vmnet": 1053, "iso_tsap": 1052, "netbios_dgm": 1052, "sql_net": 1052, "shell": 1051, "csnet_ns": 1051, "hostnames": 1050, "klogin": 1050, "bgp": 1047, "login": 1045, "exec": 1045, "printer": 1045, "http_443": 1044, "efs": 1042, "uucp": 1041, "ldap": 1041, "kshell": 1040, "nnsp": 1038, "courier": 1021, "IRC": 521, "urh_i": 148, "X11": 135, "tim_i": 12, "red_i": 9, "pm_dump": 5, "tftp_u": 3, "harvest": 2, "aol": 2, "http_8001": 2, "http_2784": 1}, "value_counts_index_sorted": {"IRC": 521, "X11": 135, "Z39_50": 1078, "aol": 2, "auth": 3382, "bgp": 1047, "courier": 1021, "csnet_ns": 1051, "ctf": 1068, "daytime": 1056, "discard": 1059, "domain": 1113, "domain_u": 57782, "echo": 1059, "eco_i": 16338, "ecr_i": 2811660, "efs": 1042, "exec": 1045, "finger": 6891, "ftp": 5214, "ftp_data": 40697, "gopher": 1077, "harvest": 2, "hostnames": 1050, "http": 623091, "http_2784": 1, "http_443": 1044, "http_8001": 2, "imap4": 1069, "iso_tsap": 1052, "klogin": 1050, "kshell": 1040, "ldap": 1041, "link": 1069, "login": 1045, "mtp": 1076, "name": 1067, "netbios_dgm": 1052, "netbios_ns": 1054, "netbios_ssn": 1055, "netstat": 1056, "nnsp": 1038, "nntp": 1059, "ntp_u": 3833, "other": 72653, "pm_dump": 5, "pop_2": 1055, "pop_3": 1981, "printer": 1045, "private": 1100831, "red_i": 9, "remote_job": 1073, "rje": 1070, "shell": 1051, "smtp": 96554, "sql_net": 1052, "ssh": 1075, "sunrpc": 1056, "supdup": 1060, "systat": 1056, "telnet": 4277, "tftp_u": 3, "tim_i": 12, "time": 1579, "urh_i": 148, "urp_i": 5378, "uucp": 1041, "uucp_path": 1057, "vmnet": 1053, "whois": 1073}, "ordering": true, "n_missing": 0, "n": 4898431, "p_missing": 0.0, "count": 4898431, "memory_size": 54226201, "first_rows": {"(0, 'tcp')": "http"}, "max_length": 11, "mean_length": 5.370123617133731, "median_length": 5, "min_length": 3, "length_histogram": {"5": 2918358, "7": 1107127, "4": 733025, "8": 101626, "6": 19701, "3": 12250, "10": 2127, "9": 2110, "11": 2107}, "histogram_length": {"counts": [12250, 733025, 2918358, 19701, 1107127, 101626, 2110, 2127, 2107], "bin_edges": [3.0, 3.888888888888889, 4.777777777777778, 5.666666666666666, 6.555555555555555, 7.444444444444445, 8.333333333333332, 9.222222222222221, 10.11111111111111, 11.0]}, "n_characters_distinct": 40, "n_characters": 26305180, "character_counts": {"e": 4041704, "i": 4015453, "r": 4007039, "_": 2949472, "c": 2837455, "t": 2643423, "p": 1898565, "a": 1255069, "v": 1101886, "h": 708805, "m": 165546, "o": 164658, "s": 123976, "d": 105933, "n": 96005, "u": 78924, "f": 54915, "l": 13718, "g": 12162, "b": 5281, "3": 4103, "k": 3159, "4": 3158, "j": 2143, "y": 2112, "0": 1082, "Z": 1078, "5": 1078, "9": 1078, "w": 1073, "2": 1056, "q": 1052, "x": 1045, "I": 521, "R": 521, "C": 521, "1": 272, "X": 135, "8": 3, "7": 1}, "category_alias_values": {"e": "Lowercase_Letter", "i": "Lowercase_Letter", "r": "Lowercase_Letter", "_": "Connector_Punctuation", "c": "Lowercase_Letter", "t": "Lowercase_Letter", "p": "Lowercase_Letter", "a": "Lowercase_Letter", "v": "Lowercase_Letter", "h": "Lowercase_Letter", "m": "Lowercase_Letter", "o": "Lowercase_Letter", "s": "Lowercase_Letter", "d": "Lowercase_Letter", "n": "Lowercase_Letter", "u": "Lowercase_Letter", "f": "Lowercase_Letter", "l": "Lowercase_Letter", "g": "Lowercase_Letter", "b": "Lowercase_Letter", "3": "Decimal_Number", "k": "Lowercase_Letter", "4": "Decimal_Number", "j": "Lowercase_Letter", "y": "Lowercase_Letter", "0": "Decimal_Number", "Z": "Uppercase_Letter", "5": "Decimal_Number", "9": "Decimal_Number", "w": "Lowercase_Letter", "2": "Decimal_Number", "q": "Lowercase_Letter", "x": "Lowercase_Letter", "I": "Uppercase_Letter", "R": "Uppercase_Letter", "C": "Uppercase_Letter", "1": "Decimal_Number", "X": "Uppercase_Letter", "8": "Decimal_Number", "7": "Decimal_Number"}, "block_alias_values": {"e": "ASCII", "i": "ASCII", "r": "ASCII", "_": "ASCII", "c": "ASCII", "t": "ASCII", "p": "ASCII", "a": "ASCII", "v": "ASCII", "h": "ASCII", "m": "ASCII", "o": "ASCII", "s": "ASCII", "d": "ASCII", "n": "ASCII", "u": "ASCII", "f": "ASCII", "l": "ASCII", "g": "ASCII", "b": "ASCII", "3": "ASCII", "k": "ASCII", "4": "ASCII", "j": "ASCII", "y": "ASCII", "0": "ASCII", "Z": "ASCII", "5": "ASCII", "9": "ASCII", "w": "ASCII", "2": "ASCII", "q": "ASCII", "x": "ASCII", "I": "ASCII", "R": "ASCII", "C": "ASCII", "1": "ASCII", "X": "ASCII", "8": "ASCII", "7": "ASCII"}, "block_alias_counts": {"ASCII": 26305180}, "n_block_alias": 1, "block_alias_char_counts": {"ASCII": {"e": 4041704, "i": 4015453, "r": 4007039, "_": 2949472, "c": 2837455, "t": 2643423,